id,first_name,last_name,email,city,country,birthdate
1,Heather,Escobar,evanstimothy@example.org,Lake Jacqueline,Cape Verde,1966-01-07
2,Julie,Le,carrietaylor@example.com,Lake Michaelland,Botswana,1984-08-23
3,James,Jackson,mark01@example.com,Moorestad,Brazil,1966-08-06
4,Keith,Salinas,pittmanluke@example.org,Port Albert,Bermuda,2004-12-12
5,Megan,Wright,pricerebecca@example.com,East Patricia,Zimbabwe,1976-01-10
6,Amy,Owens,jeffreylopez@example.net,South Robert,Luxembourg,1978-05-29
7,James,Butler,smithjody@example.com,Lake Judith,Italy,1960-11-03
8,Vanessa,Martinez,klinejacob@example.com,Garciashire,Cocos (Keeling) Islands,1971-09-07
9,Timothy,Larsen,rphillips@example.org,East Lindseymouth,Sweden,1993-02-14
10,Yvonne,Bradford,riverajenny@example.com,New Ethan,Cote d'Ivoire,1966-08-12
11,Michael,Sanchez,carly98@example.com,Lake Misty,Macao,2000-11-01
12,Connie,Williams,lhernandez@example.net,Stevensonside,Antarctica (the territory South of 60 deg S),1975-01-26
13,Meghan,Anderson,michaelpowell@example.net,South Tannerland,Denmark,1994-12-01
14,Randy,Lin,alexandermegan@example.com,New Annette,Mauritius,1965-08-19
15,Alexander,Pugh,thomasmatthew@example.net,Lake Jenniferburgh,French Guiana,1965-04-18
16,William,Myers,clementshelen@example.net,New Anthonyton,Congo,1966-10-06
17,Daniel,Williams,gabriel53@example.net,West Michaelbury,Cape Verde,1979-12-23
18,Emily,Harrison,tom50@example.org,Deanchester,New Caledonia,1980-10-19
19,Robert,Rogers,williamedwards@example.net,Port Frank,New Zealand,1995-05-25
20,Jeffery,Anderson,sheila69@example.com,Martinshire,South Georgia and the South Sandwich Islands,2003-04-20
21,Sonya,Santiago,angela59@example.net,Lake Nicholas,Turks and Caicos Islands,1997-04-10
22,Tim,Brooks,jmason@example.org,Jonathantown,Japan,1997-04-06
23,Brian,Shaffer,ann66@example.net,North Sara,Turkey,1981-11-24
24,John,Adams,triciabanks@example.org,Kaylaside,British Indian Ocean Territory (Chagos Archipelago),1997-05-20
25,William,Wolf,ginadavis@example.org,Josephtown,Kuwait,1962-04-09
26,Marie,Gonzalez,ahamilton@example.net,Dylanport,Vietnam,1983-10-03
27,Kimberly,Robertson,marilyn83@example.org,East Leslie,Cote d'Ivoire,2003-06-11
28,Duane,Palmer,joel10@example.net,South Christopherberg,Albania,2001-09-17
29,William,Cooper,brittanythomas@example.com,New Robertfort,Dominica,1970-04-21
30,David,Martinez,jacquelinemedina@example.org,West Eugeneview,New Caledonia,1980-04-10
31,Brad,Smith,jeremy69@example.org,Paulbury,Zambia,1968-04-17
32,Tammy,Wilson,zjackson@example.org,Port Chaseville,Bouvet Island (Bouvetoya),2000-01-23
33,Audrey,Adams,rwashington@example.com,Wilsonburgh,Denmark,1964-07-13
34,Nicholas,Stafford,andrew12@example.com,Deckerberg,Malta,1988-05-26
35,Monica,Hudson,brooksmichelle@example.org,Lake Robin,South Africa,1963-08-29
36,Cole,Anderson,joseph25@example.com,North Jenniferchester,Ghana,1961-04-23
37,Mason,Barber,bryantkristopher@example.net,Robertside,Germany,1996-06-10
38,Eric,Dominguez,williamsgina@example.com,Bryanthaven,New Zealand,1986-02-22
39,Oscar,Anderson,jenniferjones@example.net,South Deborah,Guyana,1987-11-25
40,Ellen,Jones,adam21@example.org,North Seanport,Sudan,1997-03-30
41,Shelley,Boyd,staffordrobert@example.com,Hernandezmouth,Hungary,1986-05-07
42,Amanda,Butler,heather64@example.org,Angiemouth,Seychelles,1975-05-31
43,Thomas,Chandler,pearsondiane@example.net,Port Kimberg,Northern Mariana Islands,1979-04-06
44,Margaret,Bryant,johnsonsarah@example.net,Sharonstad,Jordan,1993-02-01
45,Michael,Mendoza,murrayjuan@example.com,North Timothy,India,1970-08-10
46,Jasmine,Steele,brian76@example.com,North Christopherport,Japan,1961-06-15
47,James,Kennedy,reneelopez@example.org,Ginaborough,United States Minor Outlying Islands,1992-05-20
48,Preston,Walters,aprice@example.org,East Christinebury,Anguilla,2000-02-09
49,Gregg,Lewis,bsmith@example.com,Port Julie,Nigeria,1964-10-01
50,Patricia,Wells,williamsandrea@example.net,Joshuaport,Saudi Arabia,1969-11-09
51,Terri,Bell,robert22@example.net,Brianmouth,Mauritius,1991-08-12
52,Cindy,Jones,ericbolton@example.org,Burkebury,Norway,1958-11-10
53,Blake,Simmons,rmiranda@example.com,West Virginia,Netherlands Antilles,1997-10-07
54,Michael,Webb,qwilson@example.com,Riverabury,Senegal,1996-06-07
55,Jennifer,Spears,aaron02@example.org,South Jacqueline,Venezuela,1973-08-08
56,Alison,Smith,jessicawalker@example.net,Buchananland,Jordan,1972-04-16
57,Kathleen,Clements,hurleydylan@example.net,Myersport,Benin,1959-07-31
58,Eric,Woods,elizabeth84@example.com,South Rodney,Burundi,1993-07-19
59,Jake,Lawson,tgreen@example.com,Andrewmouth,Western Sahara,2002-10-04
60,Marco,White,gloverlisa@example.com,New Anthony,Ethiopia,1967-08-10
61,Eric,Oconnor,erinmartinez@example.net,Robinsonhaven,New Caledonia,1990-03-04
62,Deborah,Larsen,emily32@example.net,East Andrewside,French Southern Territories,2001-03-05
63,Brittany,Hall,sharonmiller@example.com,North Debbie,Bosnia and Herzegovina,1978-12-18
64,Ashley,Fernandez,colemanbryan@example.org,Lake Samuel,Madagascar,1975-04-04
65,Carol,Fletcher,loritaylor@example.com,Timothyland,Guinea-Bissau,2000-08-18
66,Troy,Cameron,ianwilliams@example.org,Smithburgh,Venezuela,2004-04-06
67,Stephanie,Sullivan,dcervantes@example.net,West Danny,Costa Rica,1959-08-20
68,Lori,Hubbard,keith46@example.net,North Jon,Saint Kitts and Nevis,1995-10-31
69,Kelly,Holland,rallen@example.net,Petersville,Sweden,1977-06-20
70,Gavin,Brown,mccartylisa@example.org,East Heatherfurt,Russian Federation,1992-11-05
71,Mark,Perez,victoriamorris@example.com,West Tracychester,Taiwan,1964-06-17
72,John,Harmon,smorales@example.org,North Karenshire,Malaysia,1974-03-10
73,William,Sanders,russellstephen@example.org,Port Brendaberg,Taiwan,1992-09-25
74,Jonathan,Allen,guzmandavid@example.org,Michelleborough,Namibia,1970-02-28
75,Madison,Robinson,marybutler@example.net,Josephville,Vietnam,1978-05-25
76,Melissa,Davis,jenniferwilliams@example.net,Barkerfort,Congo,1972-06-16
77,Daniel,Joseph,carlosthomas@example.org,New Johnton,Latvia,2001-07-31
78,Scott,Patrick,evansdaniel@example.net,Christinaland,Latvia,1957-12-02
79,Christine,Moore,hmaxwell@example.net,Danielland,Peru,1963-04-09
80,Kristen,Larson,youngian@example.com,Caseyview,Libyan Arab Jamahiriya,1994-01-01
81,Sarah,Warner,robertmacdonald@example.org,North Calebstad,Cook Islands,2000-07-25
82,Sabrina,Miller,twashington@example.com,Jenniferland,Kazakhstan,1955-09-13
83,Sara,Ruiz,andrewmercado@example.net,Zacharyberg,Gibraltar,1966-02-25
84,Jenna,Horton,robertsdebra@example.net,Lake Carmenshire,Serbia,1965-10-30
85,Maria,Chang,mariabrown@example.org,Lake Gabrielland,Cook Islands,1985-04-14
86,Dana,Duncan,dean19@example.net,East Albertmouth,Sierra Leone,1991-01-01
87,Brandon,Fletcher,kimberly89@example.net,East Sarahmouth,Monaco,1984-12-03
88,Tanya,Watts,christian31@example.com,Graystad,Dominica,1986-10-29
89,Emily,Rodriguez,vasquezkimberly@example.net,Lake Danielport,Tonga,1969-07-06
90,Olivia,Rivera,fischertammy@example.org,East Zachary,Palestinian Territory,2002-03-02
91,James,Smith,qfoster@example.net,Joechester,Spain,1961-06-01
92,Crystal,Hurst,andrea50@example.net,North Douglas,Bulgaria,1976-03-01
93,Justin,Phillips,istevens@example.org,Gillland,France,2005-06-10
94,Carla,Williams,donaldnguyen@example.org,Timothytown,Mali,1999-12-04
95,Karen,Simpson,lauraward@example.net,Dianeland,Philippines,1978-02-03
96,Robert,Williams,ihughes@example.org,South Anneberg,Northern Mariana Islands,1991-10-17
97,Timothy,Santana,ewilkerson@example.net,Lake Johntown,Belarus,2004-05-20
98,Angela,Simmons,patrickmcguire@example.com,Kyleborough,American Samoa,1993-04-29
99,Timothy,Allen,adamsjeffery@example.com,North Timothy,Jersey,1969-03-08
100,Donna,Hughes,jaimejenkins@example.com,South Matthewstad,Pitcairn Islands,1967-10-17
